title,link,published,content
Wall Street Menguat Dipicu Lonjakan Saham Teknologi,https://pasardana.id/news/2025/8/9/wall-street-menguat-dipicu-lonjakan-saham-teknologi/,2025-08-08 23:45:13,"Pasardana.id - Wall Street menguat pada Jumat (8/8/2025) dipicu melonjaknya saham sektor teknologi. Seperti dilaporkan Reuters, indeks Dow Jones Industrial Average di Bursa Efek New York, Amerika Serikat, naik 206,97 poin, atau sekitar 0,47 persen, menjadi 44.175,61. Indeks S&P 500 meningkat 49,45 poin, atau sekitar 0,78 persen, menjadi 6.389,45. Indeks komposit Nasdaq menguat 207,32 poin, atau sekitar 0,98 persen, menjadi 21.450,02. Saham perusahaan teknologi Apple melonjak 4,2 persen pada Jumat dan meroket 13,3 persen dalam sepekan terakhir dipicu rencana investasi US$100 miliar di AS, membuat total investasi mencapai US$600 miliar dalam empat tahun ke depan. Indeks teknologi dan layanan komunikasi S&P 500 memimping penguatan dari 11 sektor utama. Penguatan indeks S&P 500 juga berkat melambungnya saham perusahaan biofarmasi Gilead Sciences sebesar 8,3 persen usai meningkatkan perkiraan perolehan laba tahunan. Harga emas berjangka di COMEX New York Mercantile Exchange stabil dengan harga emas untuk pengiriman Desember 2025 tetap US$3.454,1 per ons. Nilai tukar dolar AS melemah dengan indeks dolar AS turun 0,14 persen menjadi 98,27. Bursa saham Eropa menguat pada Jumat, dengan indeks STOXX 600 Eropa naik 0,2 persen, dipicu melonjaknya saham sektor perbankan. Indeks FTSE 100 di Bursa Efek London, Inggris, berakhir datar dengan pergerakan turun hanya 5,04 poin menjadi 9.095,73. Indeks Dax 30 di Bursa Efek Frankfurt, Jerman, melemah 29,64 poin, atau sekitar 0,12 persen, menjadi 24.162,86. Indeks Ibex 35 di Bolsa de Madrid, Spanyol, menguat 134 poin, atau sekitar 0,91 persen, menjadi 14.824,9. Indeks Cac 40 di Euronext, Paris, Perancis, meningkat 33,68 poin, atau sekitar 0,44 persen, menjadi 7.743. Nilai tukar poundsterling terhadap dolar AS berada di kisaran 1,345 dolar AS per pound. Sedangkan terhadap euro, nilai tukar pound menguat 0,2 persen menjadi 1,1548 euro per pound."
Harga Minyak Dunia Stabil Jelang Pertemuan Trump-Putin,https://pasardana.id/news/2025/8/9/harga-minyak-dunia-stabil-jelang-pertemuan-trump-putin/,2025-08-08 23:28:02,"Pasardana.id - Harga minyak dunia stabil pada Jumat (8/8/2025) jelang berlangsungnya pertemuan antara Presiden Amerika Serikat Donald Trump dan Presiden Rusia Vladimir Putin. Seperti dilansir Reuters, harga minyak West Texas Intermediate (WTI) untuk pengiriman September 2025 tetap US$63,88 per barel di New York Mercantile Exchange. Harga minyak mentah Brent untuk pengiriman Oktober 2025 naik 16 sen, atau sekitar 0,2 persen, menjadi US$66,59 per barel di London ICE Futures Exchange. Dalam sepekan terakhir, harga minyak WTI dan Brent masing-masing turun 5,1 persen dan 4,4 persen. Para pejabat AS dan Rusia tengah mengupayakan kesepakatan akan tempat berlangsungnya pertemuan Trump dan Putin. Pertemuan tersebut diharapkan dapat mengakhiri perang Rusia-Ukraina, membuat pasokan minyak mentah ke pasar global dari Rusia kembali normal."
"Sepekan Perdagangan, Kapitalisasi Pasar BEI Mencapai Rp13.555 Triliun, Turun 0,33% Dibanding Pekan Sebelumnya",https://pasardana.id/news/2025/8/8/sepekan-perdagangan-kapitalisasi-pasar-bei-mencapai-rp13555-triliun-turun-0-33-dibanding-pekan-sebelumnya/,2025-08-08 14:57:04,"Pasardana.id - Data perdagangan saham di Bursa Efek Indonesia (BEI) selama sepekan pada periode tanggal 04 – 08 Agustus 2025 ditutup bervariasi. Melansir siaran pers BEI, Jumat (08/8) malam disebutkan, peningkatan tertinggi terjadi pada rata-rata frekuensi transaksi harian selama pekan ini, yaitu sebesar 10,92%, menjadi 1,04 juta kali transaksi dari 978 ribu kali transaksi pada pekan lalu. Kemudian, peningkatan turut dialami oleh rata-rata nilai transaksi harian BEI, yaitu sebesar 6,41% menjadi Rp17,07 triliun dari Rp16,05 triliun pada pekan sebelumnya. Sedangkan Indeks Harga Saham Gabungan (IHSG) selama sepekan mengalami penurunan sebesar 0,06% menjadi ditutup pada level 7.533,385 dari 7.537,768 pada pekan lalu. Selain itu, kapitalisasi pasar BEI juga mengalami penurunan sebesar 0,33% menjadi Rp13.555 triliun dari Rp13.599 triliun pada sepekan sebelumnya. Sementara itu, rata-rata volume transaksi harian Bursa pekan ini juga mengalami perubahan yaitu sebesar 7,79% menjadi 30,01 miliar lembar saham dari 32,55 miliar lembar saham pada pekan sebelumnya. Adapun investor asing diperdagangan Jumat (08/8) ini mencatatkan nilai jual bersih Rp510,92 miliar dan sepanjang tahun 2025 ini, investor asing mencatatkan nilai jual bersih Rp61,857 triliun."
Pengendali BMAS Kurangi Porsi Kepemilikan Sahamnya di Perseroan,https://pasardana.id/news/2025/8/8/pengendali-bmas-kurangi-porsi-kepemilikan-sahamnya-di-perseroan/,2025-08-08 11:52:39,"Pasardana.id – KasikornBank Public Company Limited selaku pemegang saham pengendali PT Bank Maspion Indonesia Tbk (IDX: BMAS) telah melakukan transaksi Penjualan sebanyak 90.513.312 lembar saham atau setara 0,5% BMAS diharga Rp 460 per saham pada tanggal 05 Agustus 2025. “Tujuan transaksi untuk Pengalihan Saham secara tidak langsung melalui kepemilikan Kasikorn Vision Financial Company Pte. Ltd (KVF), dikarenakan KBank merupakan PSP (pemegang saham pengendali) dari KVF, dengan Status Kepemilikan Saham secara langsung,” sebut Iwan Djayawasita selaku Head Of Corporate Secretary BMAS dalam keterbukaan informasi BEI, Jumat (08/8). Pasca transaksi Penjualan, maka porsi kepemilikan saham di BMAS menjadi sebanyak 14.590.476.265 lembar saham atau setara 80,6% dibandingkan sebelumnya yang tercatat sebanyak 14.680.989.577 lembar saham atau setara 81,1%."
RISE Informasikan Perubahan Fasilitas Kredit yang Diberikan BCA menjadi Rp 500 Miliar,https://pasardana.id/news/2025/8/8/rise-informasikan-perubahan-fasilitas-kredit-yang-diberikan-bca-menjadi-rp-500-miliar/,2025-08-08 11:43:02,"Pasardana.id - PT Jaya Sukses Makmur Sentosa Tbk (IDX: RISE) (Perseroan) menyampaikan Laporan Informasi atau Fakta Material sehubungan Fasilitas Kredit dari PT Bank Central Asia Tbk (IDX: BBCA). “Perseroan dengan ini memberitahukan bahwa Pada tanggal 8 Agustus 2025 Perseroan dan PT Bank Central Asia Tbk telah menandatangani Perubahan Perjanjian Kredit. Bahwa Perseroan merubah fasilitas Kredit sehingga Fasilitas Kredit yang diberikan PT Bank Central Asia Tbk adalah Fasilitas Kredit Lokal (Rekening Koran) sebesar Rp500.000.000.000,- (lima ratus miliar rupiah), dengan jangka waktu 12 (dua belas) bulan sejak tanggal penandatanganan Perjanjian Kredit,” sebut Herliani Prayogo selaku Corporate Secretary RISE dalam keterbukaan informasi BEI, Jumat (08/8). Selanjutnya disampaikan, tujuan Transaksi untuk pengembangan usaha. “Perolehan fasilitas kredit tersebut akan menunjang secara langsung pengembangan usaha Perseroan dari waktu ke waktu dan penambahan fasilitas kredit tersebut tidak berdampak negatif pada kondisi keuangan Perseroan,” tandas Herliani Prayogo.  "
Verah Wahyudi S. Wong Tambah Investasi Sahamnya di DATA,https://pasardana.id/news/2025/8/8/verah-wahyudi-s-wong-tambah-investasi-sahamnya-di-data/,2025-08-08 11:24:12,"Pasardana.id - Verah Wahyudi S. Wong selaku pemegang saham dengan kategori Termasuk >5% PT Remala Abadi Tbk (IDX: DATA) telah melakukan transaksi Pembelian sebanyak 1.106.200 lembar saham atau setara 0,08% DATA diharga Rp 1.790 per saham pada tanggal 08 Agustus 2025. “Tujuan transaksi untuk realisasi investasi dengan Status Kepemilikan Saham secara langsung,” sebut Agus Setiono selaku Direktur Utama DATA dalam keterbukaan informasi BEI, Jumat (08/8). Pasca transaksi Pembelian, maka porsi kepemilikan saham Verah Wahyudi S. Wong di DATA menjadi sebanyak 551.133.100 lembar saham atau setara 40,08% dibandingkan sebelumnya yang tercatat sebanyak 550.026.900 lembar saham atau setara 40%. Diketahui, sebelumnya, Verah Wahyudi S. Wong pernah melakukan transaksi Pembelian sebanyak total 1.726.000 lembar saham diharga Rp1.990, Rp1.465, dan Rp1.050 per lembar saham pada tanggal 07, 11, dan 13 Maret 2025. Selain itu, juga telah melakukan transaksi Penjualan sebanyak total 12.532.100 lembar saham diharga Rp1.465, Rp1.101, Rp1.116, Rp1.070, Rp1.075, Rp1.080, dan Rp1.085 per lembar saham pada tanggal 11, 12, dan 13 Maret 2025."
PT Morris Capital Indonesia ‘Borong’ 174.675.000 Lembar PIPA Diharga Rp 80 per Saham,https://pasardana.id/news/2025/8/8/pt-morris-capital-indonesia-borong-174675000-lembar-pipa-diharga-rp-80-per-saham/,2025-08-08 10:43:05,"Pasardana.id - PT Morris Capital Indonesia selaku pemegang saham PT Multi Makmur Lemindo Tbk (IDX: PIPA) telah melakukan transaksi Pembelian sebanyak 174.675.000 lembar saham atau setara 5,1% PIPA diharga Rp 80 per saham pada tanggal 08 Agustus 2025. “Tujuan transaksi sebagai bagian dari rencana pengambilalihan emiten PIPA secara bertahap, dengan Status Kepemilikan Saham secara langsung,” sebut Imanuel Kevin Mayola selaku Corsec PIPA dalam keterbukaan informasi BEI, Jumat (08/8). Pasca transaksi Pembelian, maka porsi kepemilikan saham di PIPA menjadi sebanyak 174.675.000 lembar saham atau setara 5,1% dibandingkan sebelumnya yang tercatat Nihil."
WEGE Dipercaya Bangun 50 Unit Villa Modular di Kawasan Marina Bay Lombok,https://pasardana.id/news/2025/8/8/wege-dipercaya-bangun-50-unit-villa-modular-di-kawasan-marina-bay-lombok/,2025-08-08 10:18:36,"Pasardana.id – PT Wijaya Karya Bangunan Gedung Tbk (IDX: WEGE) berperan penting dalam pengembangan kawasan Marina Bay Lombok yang terletak di pesisir selatan Lombok Barat, sebuah proyek ambisius yang akan mengubah lanskap ekonomi dan pariwisata daerah tersebut. Dalam proyek ini, WEGE dipercaya untuk membangun 50 unit villa modular yang dijadwalkan akan selesai pada akhir tahun 2025. Penandatanganan work agreement untuk proyek ini telah terlaksana pada 6 Agustus 2025, menandai dimulainya tahap implementasi konstruksi. Proyek pembangunan 50 unit Villa Modular di kawasan Marina Bay, Lombok Barat, akan dirancang dengan menggunakan Modular Lite (MoLi), sebuah sistem modular yang ringan dan hemat ruang. MoLi memiliki berat hanya 450 kg per unit, dengan dimensi 6x3x3 meter, dan dapat dipasang tanpa memerlukan peralatan berat, menjadikannya solusi praktis untuk pembangunan villa. Proyek ini juga memastikan standar internasional dengan fokus pada kualitas, kenyamanan, dan keberlanjutan. Pembangunan ini menjadi langkah penting dalam memperkenalkan konsep hunian modern yang tidak hanya memenuhi kebutuhan estetika, tetapi juga mendukung pengembangan kawasan pariwisata dan urban di Lombok Barat. Proyek ini diharapkan dapat memberikan kontribusi positif terhadap perekonomian lokal, dengan menyediakan hunian berkualitas tinggi dan fasilitas yang mendukung gaya hidup masa depan. Kawasan Marina Bay Lombok dirancang sebagai proyek pengembangan terintegrasi dengan skema mixed-use development yang mencakup zona residensial premium, fasilitas komersial modern, serta fasilitas rekreasi berkelas internasional. Proyek ini dikembangkan untuk memperkuat ekosistem pariwisata dan mempercepat pertumbuhan kawasan urban di Pulau Lombok. Berlokasi strategis hanya 40 menit dari Kawasan Ekonomi Khusus (KEK) Mandalika, Marina Bay Lombok menawarkan nilai investasi jangka panjang yang sangat menjanjikan dengan potensi capital gain yang tinggi. Pengembangan infrastruktur yang terus berlanjut, termasuk peningkatan konektivitas bandara, akan menjadi faktor kunci dalam memastikan keberlanjutan dan kesuksesan proyek ini. WEGE membawa solusi konstruksi inovatif dengan menggunakan teknologi modular dalam pembangunan villa-villa tersebut. Teknologi modular dikenal karena efisiensinya dalam mengurangi waktu pembangunan, meningkatkan ketepatan konstruksi, dan mengurangi dampak lingkungan, sejalan dengan komitmen WEGE terhadap keberlanjutan dan ramah lingkungan. Keberadaan teknologi ini juga memastikan kualitas bangunan yang lebih terjamin dan sesuai dengan standar internasional. “WEGE sangat bangga bisa menjadi bagian dari proyek Marina Bay Lombok yang luar biasa ini. Dengan pengalaman kami dalam teknologi Modular dan komitmen terhadap keberlanjutan, kami yakin dapat memberikan kontribusi besar dalam mewujudkan visi kawasan ini. Selain itu, proyek ini juga menjadi kesempatan untuk lebih memperkenalkan solusi konstruksi inovatif dan ramah lingkungan kepada pasar global,” ujar Bagus Tri Setyana, Direktur Operasi I WEGE dalam keterbukaan informasi BEI, Jumat (08/8). Pengembangan Marina Bay Lombok ini diharapkan dapat memberikan dampak ekonomi yang signifikan bagi daerah Lombok, terutama Lombok Barat, dengan menciptakan lapangan pekerjaan baru, menarik investasi lebih lanjut, dan mendukung perkembangan sektor pariwisata di wilayah tersebut. Proyek ini juga akan berfungsi sebagai contoh bagi proyek-proyek konstruksi masa depan yang berfokus pada keberlanjutan dan efisiensi sumber daya."
"Ditutup ke Level 7.533, IHSG Akhir Pekan Berhasil Menguat 0,58 Persen",https://pasardana.id/news/2025/8/8/ditutup-ke-level-7533-ihsg-akhir-pekan-berhasil-menguat-0-58-persen/,2025-08-08 09:38:29,"Pasardana.id - Indeks Harga Saham Gabungan (IHSG) pada penutupan perdagangan sore akhir pekan ini, Jumat (8/8/2025) berhasil menguat  ke zona hijau dengan ditutup naik 0,58% atau meningkat 43,202 basis point ke level 7.533,385. IHSG bergerak variatif dari batas bawah di level 7.490 hingga batas atas pada level 7.648 setelah dibuka pada level 7.490. IDXENERGY naik 2,27%, IDXBASIC -0,15%, IDXINDUST naik 2,20%, IDXCYCLIC -0,42%, IDXNONCYC -0,42%, IDXHEALTH -0,30%, IDXFINANCE naik 0,60%, IDXPROPERT naik 0,14%, IDXTECHNO -2,64%, IDXINFRA naik 0,98%, dan IDXTRANS naik 0,55%. Saham-saham yang tergolong top gainer antara lain; INDX Naik 19 point atau menguat 25,33% ke level 94. SOSS menguat 24,76% atau naik 130 point ke level 655. PPRI Naik 58 point atau menguat 24,57% ke level 294. SMDM naik 190 point atau menguat 24,51% ke level 965. DSSA Naik 13.100 point atau menguat 20,00% ke level 78.600. Saham-saham yang tergolong top losser antara lain; COIN turun -280 point atau melemah -14,89% ke level 1.600. FORU melemah -14,82% atau koreksi -255 point ke level 1.465. ENRG terkoreksi -90 point atau melemah -14,17% ke level 545. RAAM turun -42 point atau melemah -12,50% ke level 294. IKAI melemah -1 point atau turun -11,11% ke level 8. Di sisi lain, Indeks LQ45 tercatat melemah -0,34% ke level 792,884. Sedangkan, JII turun -0,45% ke level 527,370. Selanjutnya, IDX30 ditutup turun -0,31% ke level 408,892. Sementara IDX80 tercatat melemah -0,25% ke level 119,661."
Komisaris dan juga Pengendali DRMA Kembali Kurangi Porsi Kepemilikan Sahamnya di Perseroan,https://pasardana.id/news/2025/8/8/komisaris-dan-juga-pengendali-drma-kembali-kurangi-porsi-kepemilikan-sahamnya-di-perseroan/,2025-08-08 09:31:23,"Pasardana.id - Noel Aelyo Laras Kusuma Negara selaku Komisaris dan juga Pengendali PT Dharma Polimetal Tbk (IDX: DRMA) telah melakukan transaksi Penjualan sebanyak total 237.000 lembar saham atau setara 0,005% DRMA diharga Rp 955 dan Rp 950 per saham pada tanggal 05 dan 06 Agustus 2025. “Tujuan transaksi untuk Divestasi dengan Status Kepemilikan Saham secara langsung,” sebut Ari Indra Gautama selaku Corporate Secretary DRMA dalam keterbukaan informasi BEI, Jumat (08/8). Pasca transaksi Penjualan, maka porsi kepemilikan saham Noel Aelyo Laras Kusuma Negara di DRMA menjadi sebanyak 70.600.000 lembar saham atau setara 1,5% dibandingkan sebelumnya yang tercatat sebanyak 70.837.000 lembar saham atau setara 1,505%. Diketahui, sebelumnya, Noel Aelyo Laras Kusuma Negara juga pernah melakukan transaksi Penjualan sebanyak 149.600 lembar saham atau setara 0,003% DRMA diharga Rp 960 per saham pada tanggal 04 Juli 2025. "
"Teman Pintar Gelar Edukasi Literasi Digital di Empat Kota, Sasar 2.640 Pelajar &amp; UMKM",https://pasardana.id/news/2025/8/8/teman-pintar-gelar-edukasi-literasi-digital-di-empat-kota-sasar-2640-pelajar-umkm/,2025-08-08 09:19:02,"Pasardana.id - PT XLSMART Telecom Sejahtera Tbk (XLSMART) (IDX: EXCL) melalui program CSR Pendidikan yaitu Teman Pintar menggelar kegiatan di empat kota selama bulan Juli 2025. Yang terbaru, Teman Pintar mengadakan Seminar Leadership & Communications kepada para pelajar calon pengurus OSIS SMK Taruna Terpadu 1 (Borcess) Bogor bersamaan dengan Masa Pengenalan Lingkungan Sekolah (MPLS), Minggu (27/7). Acara ini bertujuan mendorong Literasi Digital dan pengembangan talenta muda. “Program Teman Pintar merupakan inisiatif CSR dari XLSMART yang berfokus pada literasi digital, edukasi dan pendampingan komunitas, khususnya generasi muda dan pelaku usaha mikro. Dengan menggandeng pemerintah daerah, akademisi, pelaku usaha, hingga komunitas lokal, program ini diharapkan dapat mendorong tumbuhnya generasi kreatif dan UMKM yang tangguh di era ekonomi digital. Rangkaian kegiatan Teman Pintar Indonesia telah berlangsung di sejumlah daerah di Indonesia, seperti di Kabupaten Tegal, Pacitan Jakarta dan Bogor,” terang Head of Corporate Communication CSR XLSMART, Dani Akhyar dalam keterangan tertulis, Jumat (08/8). Sebelumnya, Teman Pintar juga mengadakan kegiatan Workshop Bisnis Digital untuk Teman UMKM Pacitan di Kota Pacitan pada tanggal 3 Juli 2025, dalam kegiatan ini para pelaku UMKM diajak untuk melek digital dalam menjalankan dan mengembangkan usahanya. Dalam kesempatan ini beberapa topik disampaikan dengan tujuan meningkatan pendapatan usahanya dengan memperkuat Pondasi Bisnis Digital. Selanjutnya di Jakarta, 7 Juli 2025, XLSMART mendukung kegiatan Perpusnas RI dan Ikatan Pustakawan Indonesia (IPI) dalam Gelar Wicara dengan tema “Mengokohkan Jati Diri dan Peran Pustakawan melalui Penetapan 7 Juli sebagai Hari Pustakawan Indonesia” yang diselenggarakan oleh Perpustakaan Nasional (Perpusnas). Dalam kegiatan ini dibuka oleh Menteri Pendidikan Dasar & Menengah, Prof. Abdul Mu’thi dan Kepala Perpusnas RI, Prof. Aminuddin Aziz. Acara dilaksanakan secara offline dan online dihadiri oleh 635 orang Pustakawan seluruh Indonesia. Head of Corporate Communication & CSR XLSMART, Dr. Dani M. Akhyar, S.T., M.Si menjadi salah satu pembicara utama dalam kegiatan ini. Kemudian di Kabupaten Tegal, kegiatan Teman Pintar Indonesia mengadakan serangkaian acara selama Masa Pengenalan Lingkungan Sekolah (MPLS) di beberapa sekolah antara lain SMPN 1 Kramat Tegal (15 Juli 2025) dengan peserta 300 siswa, SMPN 1 Adiwerna Tegal (16 Juli 2025) peserta 300 siswa, SMPN 2 Adiwerna Tegal (17 Juli 2025) peserta 300 siswa, SMPN 1 Slawi Tegal (18 Juli 2025) peserta 900 siswa dan SMK Binus Tegal (21 Juli 2025) peserta 100 siswa. Program ini juga bertujuan untuk menumbuhkan kesadaran siswa tentang pentingnya literasi digital dalam kehidupan sehari-hari dan pendidikan.  Sekaligus membantu siswa memahami potensi risiko dan dampak negatif dari penggunaan internet dan media sosial yang tidak bijak, seperti penyebaran hoaks, cyber bullying, dan kecanduan. Pelaksanaan acara tersebut di hadiri pejabat pemerintahan setempat yaitu Kepala Dinas Kominfo Kabupaten Tegal, Dra Nurhayati M.M dan Bupati Tegal. Dalam arahannya, Bupati Tegal, Ischak Maulana Rohman meminta semua pelajar untuk bijak berdigital untuk masa depan yang cerah. Pihaknya mengapresiasi program Dinas Kominfo Goes to School yang merupakan bagian dari gerakan literasi digital. ""Harapannya, siswa tidak hanya piawai dalam menggunakan handphone. Namun bisa lebih bijak dalam memilih dan memilah informasi mana yang benar dan mana informasi yang salah,"" ungkapnya. Selama bulan Juli 2025 Program Teman Pintar Indonesia telah melaksanakan rangkaian kegiatan di 4 kota/kabupaten, dengan penerima manfaat sebanyak 2.640 orang baik siswa dan pengusaha UMKM di kota tersebut. Diharapkan, pemanfaatan literasi digital dapat dirasakan masyarakat yang lebih luas sehingga dapat membuka peluang dan meningkatkan daya saing di era ekonomi digital."
Maybank Marathon 2025 Sambut HOKA Indonesia sebagai Official Footwear Partner,https://pasardana.id/news/2025/8/8/maybank-marathon-2025-sambut-hoka-indonesia-sebagai-official-footwear-partner/,2025-08-08 07:45:18,"Pasardana.id - HOKA mengumumkan perannya sebagai Official Footwear Partner Maybank Marathon 2025. Ajang lari bergengsi ini akan digelar pada 24 Agustus 2025 di Gianyar, Bali, dan merupakan satu-satunya lomba lari jalan raya di Indonesia yang mengantongi label World Athletics Elite Label Road Race sekaligus menjadi salah satu agenda utama di kalender lari kawasan Asia Tenggara. Kemitraan ini menjadi tonggak penting dalam komitmen berkelanjutan HOKA untuk menumbuhkan ekosistem lari di Indonesia. Lebih dari sekadar sponsor produk, keterlibatan HOKA dalam Maybank Marathon merupakan bagian dari misi yang lebih besar yaitu membangun komunitas pelari yang kuat, inklusif, dan penuh semangat. “Kami sangat antusias dapat bermitra dengan Maybank Marathon 2025. HOKA memang lahir dari performa, namun juga sangat berakar pada budaya dan komunitas lari,” ujar Panji Cakrasantana, General Manager Marketing, PT MAP Aktif Adiperkasa Tbk (IDX: MAPA) dalam keterangan tertulis, Jumat (08/8). “Melalui kemitraan ini, kami ingin memberdayakan lebih banyak pelari untuk meraih tujuan mereka, menikmati setiap langkah, dan benar-benar merasakan semangat ‘Fly Human Fly’,” sambung Panji. Sementara itu, Widya Permana, Project Director Maybank Marathon, menyambut baik kolaborasi ini dan menekankan keselarasan nilai antara kedua brand dalam meningkatkan kualitas pengalaman berlari. “Kami sangat antusias menyambut HOKA sebagai Mitra Alas Kaki Resmi Maybank Marathon 2025. Inovasi dan pendekatan HOKA yang berfokus pada kebutuhan atlet sangat sejalan dengan misi kami dalam menghadirkan ajang lari kelas dunia yang mampu menginspirasi pelari dari semua level. Kolaborasi ini tidak hanya memperkuat kualitas acara kami, tetapi juga mencerminkan komitmen bersama untuk membangun budaya lari yang inklusif dan berorientasi pada performa tinggi di Indonesia,” ungkap Widya. Sebagai bentuk dukungan nyata, HOKA akan membekali para pacer resmi, pelatih, dan panitia lomba dengan sepatu lari terbaik mereka. Pacer untuk Full Marathon akan mengenakan Rocket X3, sepatu balap karbon paling ringan dan responsif dari HOKA. Sementara pacer untuk Half Marathon dan 10K akan menggunakan Mach 6, sepatu latihan ringan yang serbaguna, dirancang untuk kecepatan dan kenyamanan. HOKA Enthusiast, Gisella Anastasia akan berpartisipasi dalam kategori 10K Maybank Marathon 2025, melanjutkan perjalanannya yang dibentuk oleh konsistensi, perkembangan diri, serta dukungan dari keluarga dan pelatihnya. “Berlari bersama HOKA memberi saya kepercayaan diri untuk menghadapi setiap lomba, dan kali ini saya bangga mendapatkan dukungan mereka di Maybank Marathon 2025. Bagi saya, ini bukan sekadar soal mencapai garis akhir, tapi tentang bertumbuh bersama, tetap berkomitmen, dan menemukan kebahagiaan dalam setiap langkah,” ujarnya. Kehadiran Gisella mencerminkan hubungan berkelanjutan dengan HOKA dan keyakinan bersama bahwa lari adalah jalan menuju pertumbuhan pribadi dan pemberdayaan diri. Sebagai bentuk apresiasi kepada setiap peserta, HOKA akan menghadirkan experience booth di Maybank Marathon 2025. Para pelari dapat mencoba langsung sepatu terbaru HOKA Rocket X3 dan menikmati penawaran eksklusif yang hanya tersedia bagi peserta Maybank Marathon 2025. Ini menjadi salah satu bentuk komitmen HOKA agar setiap pelari dapat melanjutkan perjalanannya setelah hari perlombaan, dengan perlengkapan yang lebih baik dan semangat yang semakin besar."
"Indeks Kospi Turun 0,55 Persen",https://pasardana.id/news/2025/8/8/indeks-kospi-turun-0-55-persen/,2025-08-08 07:24:15,"Pasardana.id - Indeks Kospi di Bursa Efek Korea, Seoul, Korea Selatan, naik 17,67 poin, atau sekitar 0,55 persen, pada Jumat (8/8/2025), menjadi 3.210,01. Angka indeks meningkat 2,9 persen dalam sepekan terakhir. Volume perdagangan moderat mencapai 334,19 juta saham senilai 11,2 triliun won atau sekitar US$8,06 miliar, dengan saham yang turun melampaui yang naik 487 berbanding 384. Angka indeks merosot dipicu aksi ambil untung yang dilakukan para investor. “Secara khusus, para investor melepas saham perusahaan pertahanan dipicu ekspektasi pertemuan Amerika Serikat-Rusia pekan depan akan mengakhiri perang Rusia-Ukraina,” jelas Hwang Jun-Ho, analis Sansangin Investment & Securities, seperti dikutip Yonhap News. Investor institusi dan asing masing-masing melepas saham senilai 131,9 miliar won dan 157,2 miliar won, sedangkan investor ritel meraup saham senilai 183 miliar won. Saham perusahaan pertahanan Hanwha Aerospace Industries dan Hyundai Roten masing-masing terjun 5,47 persen dan 4,87 persen. Saham LIG Nex1 anjlok 14,9 persen. Saham perusahaan teknologi SK Hynix dan perusahaan galangan kapal HD Hyundai Heavy masingmasing merosot 2,1 persen dan 1,79 persen. Saham perusahaan kimia LG Chem dan perusahaan baja POSCO Holdings masing-masing melemah 5,47 persen dan 0,67 persen. Saham perusahaan teknologi Samsung Electronics dan perusahaan galangan kapal Hanwha Ocean masing-masing meningkat 1,84 persen dan 0,6 persen. Saham perusahaan tembakau KT&G melambung 6,28 persen. Nilai tukar won melemah terhadap dolar AS, turun 8,4 won dari sesi sebelumnya menjdi 1.389,6 won per dolar AS. Secara umum bursa saham Asia diliputi sentimen negatif hari ini, dengan indeks MSCI Asia Pasifik di luar Jepang turun 0,56 persen. Indeks S&P/ASX 200 di Bursa Australia turun 24,3 poin, atau sekitar 0,28 persen, menjadi 8.807,1. Di Asia Tenggara, indeks utama perdagangan saham Bursa Singapura, Thailand, Vietnam, dan Filipina melemah, sedangkan Bursa Malaysia dan Indonesia menguat. Indeks Shanghai Composite di Bursa Efek Shanghai, Tiongkok, turun 4,54 poin, atau sekitar 0,12 persen, menjadi 3.635,13. Indeks Hang Seng di Bursa Efek Hong Kong turun 222,81 poin, atau sekitar 0,89 persen, menjadi 24.858,82. "
Homeco Living Dukung Lahirnya Asosiasi Houseware Indonesia sebagai Wadah Pemersatu Industri,https://pasardana.id/news/2025/8/8/homeco-living-dukung-lahirnya-asosiasi-houseware-indonesia-sebagai-wadah-pemersatu-industri/,2025-08-08 07:15:34,"Pasardana.id – PT Homeco Victoria Makmur Tbk (Homeco Living) (IDX: LIVE), salah satu perusahaan di industri perlengkapan rumah tangga yang berkualitas tinggi dan inovatif di Indonesia, dengan bangga menyampaikan dukungan dan partisipasi aktifnya terhadap lahirnya Indonesia Houseware Association (IHA) dengan bergabung sebagai anggota resmi. Komisaris Utama Homeco Living, Sjamsoe Fadjar, sukses memprakarsai dan meluncurkan Asosiasi Peralatan Rumah Tangga Indonesia atau IHA. Peluncuran asosiasi ini dilakukan di hari pertama pada ajang Pameran Internasional Produk Hadiah dan Peralatan Rumah Tangga “IGHE Indonesia 2025”. Hadirnya IHA menandai tonggak baru dalam upaya membangun ekosistem industri perlengkapan rumah tangga Nasional yang lebih solid. Peran signifikan dilakukan oleh Sjamsoe Fadjar, Komisaris Utama Homeco Living, yang menjabat sebagai Ketua IHA. Melalui kepemimpinan beliau, pembentukan asosiasi ini menjadi langkah nyata untuk memperkuat posisi Indonesia dalam industri peralatan rumah tangga yang semakin kompetitif, baik secara nasional maupun global. “IHA merupakan respons strategis terhadap dinamika pertumbuhan ekonomi Indonesia dan perubahan tuntutan konsumen. Saat ini, Indonesia tengah berada di titik transisi signifikan, ditandai oleh pertumbuhan ekonomi, meningkatnya kelas menengah, dan pesatnya perkembangan e-commerce. Seluruh perubahan ini turut menggeser ekspektasi konsumen dari sekadar mengutamakan fungsi menjadi perhatian pada desain, kualitas, dan makna yang lebih mendalam pada produk rumah tangga,” terang Komisaris Utama Homeco Living, Sjamsoe Fadjar dalam keterbukaan informasi BEI, Jumat (08/8). “Namun, di balik peluang tersebut, muncul tantangan nyata berupa ketidakkonsistenan kualitas, minimnya standar nasional, dan kurangnya koordinasi lintas sektor. Hal ini membuat industri ini membutuhkan wadah kolektif dan pemersatu,” sambung Sjamsoe Fadjar. Didirikan dengan misi untuk memajukan industri peralatan rumah tangga Indonesia, IHA berkomitmen pada peningkatan daya saing, inovasi, keberlanjutan, serta kolaborasi aktif dengan pemerintah dan mitra global. Kemudian, visinya yaitu menjadi perwakilan resmi dan terpercaya bagi industri, terlibat dalam penyusunan kebijakan, menciptakan peluang strategis, dan memperkuat citra produk Indonesia di pasar dunia. Sebagai langkah awal, IHA telah menyusun peta jalan internasional melalui kemitraan strategis jangka panjang dengan IGHE Indonesia. Kolaborasi ini dirancang untuk mendorong investasi dan perdagangan global, menyelaraskan kebijakan dalam negeri serta membuka ruang kolaborasi internasional, pertukaran pengetahuan dan inovasi berkelanjutan. Dalam rencananya, IHA akan mengikuti berbagai pameran global seperti IGHE Rusia, IGHE Vietnam dan CHWE Shenzhen serta membangun paviliun Indonesia di ajang internasional untuk menampilkan kekuatan produk dalam negeri. Homeco Living, sebagai anggota resmi IHA, turut menjadi bagian dari fondasi awal asosiasi ini bersama pelaku-pelaku utama lainnya, seperti ITC Group, Bolde, Doremi Retail, dan Chaoyu Expo (IGHE Indonesia). Kepemimpinan dan kontribusi aktif dari Komisaris Utama Homeco Living dalam membentuk struktur organisasi—yang terdiri dari Dewan, Sekretariat, dan Komite-Komite Khusus— dirancang untuk menjamin tata kelola yang transparan, adaptif, dan inklusif bagi masa depan industri. Melalui peran ganda sebagai inisiator dan anggota, Homeco Living menegaskan komitmennya untuk tidak hanya bertumbuh secara bisnis, tetapi bersama dengan IHA turut berperan dalam membangun industri rumah tangga Indonesia yang lebih kuat, lebih cerdas, dan semakin kompetitif di pasar global."
"Indeks Nikkei Melonjak 1,85 Persen",https://pasardana.id/news/2025/8/8/indeks-nikkei-melonjak-1-85-persen/,2025-08-08 07:10:38,"Pasardana.id - Indeks Nikkei 225 di Bursa Efe Tokyo, Jepang, melonjak 761,33 poin, atau sekitar 1,85 persen, pada Jumat (8/8/2025), menjadi 41.820,48. Indeks Topix melonjak 1,21 persen menjadi 3.024,21. Seperti dilansir AFP, indeks Nikkei terdongkrak lonjakan saham SoftBank Group setelah perusahaan konglomerat tersebut mencatatkan perolehan laba kembali pada kuartal pertama tahun ini. Saham SoftBank memimpin penguatan hari ini dengan meroket 10,39 persen. Saham perusahaan manufaktur peralatan kesehatan Terumo melambung 8,12 persen. Saham perusahaan otomotif Subaru dan Mazda Motor masing-masing melonjak 5,37 persen dan 4,91 persen. Saham perusahaan ban Bridgestone meningkat 4,68 persen. Nilai tukar dolar Amerika Serikat terhadap yen berada di kisaran 147,1 yen per dolar AS."
Menteri Ekraf Dukung Penguatan DKV Agar Hilirisasi dan Monetasi Bisa Terhubung,https://pasardana.id/news/2025/8/8/menteri-ekraf-dukung-penguatan-dkv-agar-hilirisasi-dan-monetasi-bisa-terhubung/,2025-08-08 07:04:09,"Pasardana.id - Menteri Ekonomi Kreatif (Menteri Ekraf), Teuku Riefky Harsya menerima audiensi Asosiasi Program Studi Desain Komunikasi Visual (Asprodi DKV) untuk membahas penguatan sinergi antara pemerintah dan dunia akademik dalam mendorong hilirisasi karya desain grafis. Menteri Ekraf Teuku Riefky menyoroti pentingnya transformasi karya mahasiswa dari ranah akademik menjadi produk ekonomi kreatif berbasis kekayaan intelektual (Intellectual Property/IP) yang berdaya saing global. “Saya sepakat bahwa karya mahasiswa, khususnya dari kampus-kampus di bawah Asprodi DKV, perlu mendapatkan rekognisi internasional, terus mengikuti perkembangan teknologi, dan didorong untuk hilirisasi. Jangan sampai karya hanya berhenti di atas kertas, yang penting justru bagaimana bisa dimonetisasi. Apalagi sekarang banyak IP dari Indonesia yang mulai punya potensi jadi brand global. Tinggal bagaimana kolaborasi antara DKV dan Kementerian Ekraf bisa makin kuat agar hilirisasi dan monetisasi ini benar-benar terhubung dan berdampak luas,” ujar Menteri Ekraf Teuku Riefky, seperti dilansir dari siaran pers, Jumat (8/8/2025). Adapun Asprodi DKV adalah organisasi nasional yang membawahi 90 program studi Desain Komunikasi Visual (DKV) di perguruan tinggi Indonesia, dengan total mahasiswa yang dinaunginya mencapai sekitar 25 ribu orang. Organisasi tersebut berperan strategis dalam penyelarasan standar pendidikan, pengembangan kurikulum, serta menjembatani sinergi antar perguruan tinggi dalam merespons dinamika industri kreatif. Pertemuan itu juga menjadi tindak lanjut dari Konsorsium Perguruan Tinggi Ekonomi Kreatif (KPT-Ekraf) yang didirikan pada Mei 2025 sebagai wadah kolaborasi antar perguruan tinggi untuk memperkuat ekosistem ekonomi kreatif nasional melalui kontribusi akademik. “Terkait konsorsium ekonomi kreatif, walaupun masih dalam bentuk paguyuban antar PTN dan PTS, semangatnya sudah sejalan untuk bersama-sama mengembangkan industri kreatif, termasuk DKV. Saya juga sepakat bahwa DKV sebenarnya terhubung erat dengan subsektor ekraf lainnya. Tapi untuk bisa lebih fokus dan terarah, kita memang perlu memberi perhatian khusus pada pengembangannya,” jelas Menteri Ekraf Teuku Riefky. Ketua Umum Asprodi DKV Intan R. Mutiaz menilai konsolidasi antara dunia akademik dan industri semakin penting untuk memastikan bahwa kurikulum, karya, dan riset yang dihasilkan perguruan tinggi dapat memberi kontribusi nyata bagi ekonomi nasional. “DKV saat ini tidak hanya berkaitan dengan seni visual, tetapi juga mencakup teknologi, budaya, dan bisnis. Harapannya, melalui Konsorsium Ekonomi Kreatif, pendekatan lintas disiplin ini bisa diperkuat agar karya seperti ilustrasi dan IP memiliki nilai jual dan identitas ekonomi, bukan sekadar estetika. Indonesia memiliki posisi strategis dalam industri kreatif berbasis budaya dan ekonomi digital, namun dibutuhkan inovasi berkelanjutan dan kolaborasi lintas sektor untuk memaksimalkannya,” ujar Intan. Lebih lanjut, Staf Ahli Menteri Bidang Inovasi dan Kreativitas Dian Permanasari menambahkan bahwa kolaborasi dengan asosiasi seperti Asprodi DKV akan sangat penting dalam penyusunan arah kebijakan subsektor Desain Komunikasi Visual (DKV), yang telah memiliki klasifikasi tersendiri dalam Klasifikasi Baku Lapangan Usaha Indonesia (KBLI). “Desain Komunikasi Visual (DKV) merupakan subsektor ekonomi kreatif dengan kode KBLI yang menjadi kewenangan utama Kementerian Ekraf, tanpa tumpang tindih dengan kementerian lain. Karena itu, kami bertanggung jawab menyusun roadmap pengembangannya dan sangat membutuhkan kolaborasi dengan asosiasi agar selaras dengan kebutuhan pelaku industri,” ujar Staf Ahli Dian. Pertemuan diakhiri dengan komitmen bersama untuk memperkuat kolaborasi antara pemerintah, dunia akademik, dan industri dalam mempercepat hilirisasi IP dan pengembangan ekosistem DKV nasional."
"KPIG Masuk MSCI Global Equity Index, Efektif 27 Agustus 2025",https://pasardana.id/news/2025/8/8/kpig-masuk-msci-global-equity-index-efektif-27-agustus-2025/,2025-08-08 06:45:47,"Pasardana.id - PT MNC Tourism Indonesia Tbk (IDX: KPIG) (Perseroan) resmi bergabung ke dalam MSCI Global Equity Index, Small Cap Indexes untuk periode Agustus 2025. Indeks ini akan berlaku efektif pada 27 Agustus 2025, setelah penutupan perdagangan pada 26 Agustus 2025. “Masuknya KPIG ke dalam indeks MSCI mencerminkan pengakuan atas kekuatan fundamental, kepemilikan aset premium berskala internasional, dan strategi pertumbuhan jangka panjang yang konsisten. Kami yakin pencapaian ini akan semakin memperkokoh kepercayaan investor global, membuka peluang penetrasi pasar yang lebih luas, serta memperkuat kinerja berkelanjutan Perseroan. MNC Tourism is on the right track to bring Indonesia to the world,” terang Hary Tanoesoedibjo, Direktur Utama MNC Tourism & Executive Chairman MNC Group dalam keterbukaan informasi BEI, Jumat (08/8). Diketahui, MSCI merupakan penyedia indeks ekuitas global terkemuka yang menjadi acuan utama bagi para investor, termasuk institusi, manajer investasi, dan individu di seluruh dunia dalam mengukur kinerja investasi dan membentuk strategi portofolio. Inklusi saham dalam indeks prestisius ini memperkuat visibilitas dan profil sebuah perusahaan publik di pasar modal internasional, meningkatkan potensi likuiditas saham, serta memperluas akses terhadap basis investor global. Adapun pada HI-2025, KPIG membukukan pendapatan konsolidasi sebesar Rp964,0 miliar, tumbuh 25,6% yoy dibandingkan periode yang sama tahun sebelumnya. MNC Tourism memiliki portofolio aset Tourism & Hospitality unggulan di Indonesia, termasuk Kawasan Ekonomi Khusus (KEK) MNC Lido City, yang menghadirkan Trump International Golf Club Lido, Trump Private Clubhouses, Trump Residences, Hyatt Regency Lido Resort, dan Movieland. Ditambah lagi aset-aset strategis lainnya di Jakarta, Surabaya dan Bali."
Direktur Utama dan juga Pengendali SOLA Kembali Tambah Porsi Kepemilikan Sahamnya di Perseroan,https://pasardana.id/news/2025/8/8/direktur-utama-dan-juga-pengendali-sola-kembali-tambah-porsi-kepemilikan-sahamnya-di-perseroan/,2025-08-08 05:43:39,"Pasardana.id - Mochamad Bhadaiwi selaku Direktur Utama dan juga Pengendali PT Xolare RCR Energy Tbk (IDX: SOLA) telah melakukan transaksi Pembelian sebanyak total 1.050.000 lembar saham atau setara 0,03% SOLA diharga Rp 179 - Rp 181 per saham pada tanggal 07 Agustus 2025. “Tujuan transaksi untuk investasi dengan Status Kepemilikan Saham secara langsung,” sebut Mochamad Bhadaiwi dalam keterbukaan informasi BEI, Jumat (08/8). Pasca transaksi Pembelian, maka porsi kepemilikan saham Mochamad Bhadaiwi di SOLA menjadi sebanyak 118.304.300 lembar saham atau setara 3,6% dibandingkan sebelumnya yang tercatat sebanyak 117.254.300 lembar saham atau setara 3,57%. Diketahui, sebelumnya, Mochamad Bhadaiwi pernah melakukan transaksi Pembelian sebanyak 3.200.000 lembar saham atau setara 0,1% SOLA diharga Rp120 per saham pada tanggal 18 Juli 2025."
Catur Jatiwaluyo Jual Seluruh Kepemilikan Sahamnya di Paperocks Indonesia Tbk,https://pasardana.id/news/2025/8/8/catur-jatiwaluyo-jual-seluruh-kepemilikan-sahamnya-di-paperocks-indonesia-tbk/,2025-08-08 05:28:12,"Pasardana.id - Catur Jatiwaluyo selaku Direksi PT Paperocks Indonesia Tbk (IDX: PPRI) telah melakukan transaksi Penjualan sebanyak 140.000.000 lembar saham atau setara 13,02% PPRI diharga Rp 50 per saham pada tanggal 07 Agustus 2025. “Tujuan transaksi untuk Divestasi dengan Status Kepemilikan Saham secara langsung,” sebut Budi Supriadi selaku Head Finance & Accounting PPRI dalam keterbukaan informasi BEI, Jumat (08/8). Pasca transaksi Penjualan, maka porsi kepemilikan saham Catur Jatiwaluyo di PPRI menjadi nihil, dibandingkan sebelumnya yang tercatat sebanyak 140.000.000 lembar saham atau setara 13,02%."
"IHSG Sesi I Menguat 0,78 Persen ke Level 7.548",https://pasardana.id/news/2025/8/8/ihsg-sesi-i-menguat-0-78-persen-ke-level-7548/,2025-08-08 04:54:41,"Pasardana.id - Pada penutupan perdagangan sesi 1 di Bursa Efek Indonesia (BEI), Jumat (8/8/2025) siang ini, Indeks Harga Saham Gabungan (IHSG) berhasil ditutup menguat 0,78 persen atau naik 58,537 basis point ke level 7.548,720. IHSG bergerak dari batas bawah di level 7.490 hingga batas atas pada level 7.648 setelah dibuka pada level 7.490 pagi ini. Sebanyak 223 saham menguat 360 saham melemah, dan sisanya stagnan. Adapun saham CUAN, COIN, dan DSSA menjadi tiga saham dengan jumlah nilai transaksi terbesar. IDXENERGY naik 2,69%, IDXBASIC naik 0,35%, IDXINDUST naik 2,20%, IDXCYCLIC -0,17%, IDXNONCYC naik 0,01%, IDXHEALTH -0,56%, IDXFINANCE naik 0,83%, IDXPROPERT naik 0,11%, IDXTECHNO -3,97%, IDXINFRA naik 0,44%, dan IDXTRANS -0,09%. Di sisi lain, Indeks LQ45 tercatat naik 0,21% menjadi 797,241. Sedangkan indeks Jakarta Islamic Index (JII) menguat 0,23% ke 530,991. Sementara Indeks IDX30 naik 0,24% ke 411,174. Sedangkan index MNC36 terpantau menguat 0,27% ke level 316,550."
BEI Hentikan Sementara Perdagangan saham ROCK,https://pasardana.id/news/2025/8/8/bei-hentikan-sementara-perdagangan-saham-rock/,2025-08-08 04:40:07,"Pasardana.id - PT Bursa Efek Indonesia (BEI) pada hari ini, Jumat (8/8/2025) melakukan penghentian sementara (suspensi) atas perdagangan Saham PT Rockfields Properti Indonesia Tbk (IDX: ROCK) di Seluruh Pasar. ""Para pihak yang berkepentingan diharapkan untuk selalu memperhatikan keterbukaan informasi yang disampaikan oleh Perseroan,"" kata Kadiv. Pengawasan Transaksi BEI, Yulianto Aji Sadono, dalam keterangan tertulis, Kamis (7/8/2025). Disebutkan Bursa melakukan Penghentian Sementara Perdagangan saham ROCK di seluruh Pasar mulai sesi I tanggal 8 Agustus 2025 sampai dengan Pengumuman Bursa lebih lanjut. Sekadar informasi, pada perdagangan terakhir, Kamis (7/8/2025) kemarin, Saham PT Rockfields Properti Indonesia Tbk (IDX: ROCK) tercatat menguat 5,45% atau naik 30 point ke harga Rp580 per saham. Jika dibanding harga pada, Jumat (1/8/2025) lalu yang masih berada di harga Rp500 per saham, maka hingga, Kamis (7/8/2025) kemarin, saham ROCK tercatat telah mengalami peningkatan harga sekitar 16,00% selama periode waktu tersebut."
Budi Aditya Erna Mulyanto Tambah Porsi Investasi Sahamnya di PPRI,https://pasardana.id/news/2025/8/8/budi-aditya-erna-mulyanto-tambah-porsi-investasi-sahamnya-di-ppri/,2025-08-08 04:38:35,"Pasardana.id - Budi Aditya Erna Mulyanto selaku pemegang saham dengan kategori Termasuk >5% PT Paperocks Indonesia Tbk (IDX: PPRI) telah melakukan transaksi Pembelian sebanyak 97.176.400 lembar saham atau setara 9,04% PPRI diharga Rp 159 per saham pada tanggal 05 Agustus 2025. “Tujuan transaksi untuk Investasi Jangka Panjang dengan Status Kepemilikan Saham secara langsung,” sebut Budi Supriadi selaku Head Finance & Accounting PPRI dalam keterbukaan informasi BEI, Kamis (07/8). Pasca transaksi Pembelian, maka porsi kepemilikan saham di PPRI menjadi sebanyak 147.176.400 lembar saham atau setara 13,69% dibandingkan sebelumnya yang tercatat sebanyak 50.000.000 lembar saham atau setara 4,65%.  "
Founder DATA dan Petinggi GULA Akuisisi Saham PPRI,https://pasardana.id/news/2025/8/8/founder-data-dan-petinggi-gula-akuisisi-saham-ppri/,2025-08-08 04:22:09,"Pasardana.id - Founder PT Remala Abadi Tbk (IDX: DATA) dan petinggi PT Aman Agrindo Tbk (IDX: GULA) menambah kepemilikan saham PT Paperocks Indonesia Tbk (IDX: PPRI). Kini, keduanya masing-masing menggenggam lebih dari 10% saham PPRI. Budi Aditya Erna Mulyanto, Founder Remala Abadi mengakuisisi 97.176.400 saham PPRI pada 5 Agustus 2025. Setelah transaksi ini, ia menguasai 147.176.400 saham. Kemudian, pada 7 Agustus 2025, Irsyad Hanif, Komisaris Utama Aman Agrindo, juga melakukan pembelian saham PPRI. Sebelum transaksi, Irsyad mengempit 27.806.200 saham PPRI. Setelah transaksi kepemilikannya menjadi 167.806.200 saham. Pembelian tersebut dilakukan di pasar negosiasi dan pasar reguler. Sekretaris Perusahaan Paperocks Indonesia, Dillon Sutandar mengatakan, sebagian besar saham yang diambil alih oleh Budi Aditya Erna Mulyanto dan Irsyad Hanif merupakan milik Direktur Utama perseroan, yakni Catur Jatiwaluyo. “Bapak Catur Jatiwaluyo melakukan penjualan saham PPRI dalam rangka divestasi dan persiapan pensiun,” beber Dillon, dalam siaran pers, Jumat (08/8/2025). Sementara, Budi Aditya Erna Mulyanto dan Irsyad Hanif berkepentingan untuk melakukan investasi jangka menengah panjang pada produsen wadah kertas dan kemasan tersebut. PPRI dinilai memiliki prospek bisnis positif seiring dengan pertumbuhan industri makanan dan minuman di Indonesia serta meningkatnya kepedulian masyarakat terhadap lingkungan, sehingga produk kemasan kertas yang ramah menjadi pilihan utama. Hingga akhir Juni 2025, penjualan perseroan meningkat dari Rp73,7 miliar menjadi Rp78,4 miliar. Adapun, laba tahun berjalan perseroan stabil di angka Rp1,8 miliar. Untuk diketahui, PT Paperocks Indonesia Tbk (IDX: PPRI) yang mencatatkan saham perdana (IPO) di Bursa Efek Indonesia (BEI) pada 8 Agustus 2023, merupakan produsen wadah kertas dan kemasan yang berdiri pada tahun 2011. Perusahaan mendistribusikan kemasan kertas food grade untuk restoran, kafe, dan bisnis makanan lainnya, seperti paper cup, paper wrap, paper bowl, dan paper bag. Perusahaan memproduksi kemasan yang ramah lingkungan dan aman untuk industri makanan dan minuman. Sejumlah klien PPRI merupakan perusahaan makanan dan minuman (food and beverage) ternama di Tanah Air. Mereka antara lain PT Indofood CBP Sukses Makmur Tbk (IDX: ICBP), Circle K, XXI Cafe, Janji Jiwa, Dairy Queen, dan Susu Mbok Darmi."
"Investasi, Irsyad Hanif Tambah Porsi Kepemilikan Sahamnya di PPRI",https://pasardana.id/news/2025/8/8/investasi-irsyad-hanif-tambah-porsi-kepemilikan-sahamnya-di-ppri/,2025-08-08 04:07:49,"Pasardana.id - Irsyad Hanif selaku pemegang saham dengan kategori Termasuk >5% PT Paperocks Indonesia Tbk (IDX: PPRI) telah melakukan transaksi Pembelian sebanyak 140.000.000 lembar saham atau setara 15,6% PPRI diharga Rp 50 per saham pada tanggal 07 Agustus 2025. “Tujuan transaksi untuk Investasi Jangka Panjang dengan Status Kepemilikan Saham secara langsung,” sebut Budi Supriadi selaku Head Finance & Accounting PPRI dalam keterbukaan informasi BEI, Kamis (07/8). Pasca transaksi Pembelian, maka porsi kepemilikan saham di PPRI menjadi sebanyak 167.806.200 lembar saham atau setara 15,6% dibandingkan sebelumnya yang tercatat sebanyak 27.806.200 lembar saham atau setara 2,59%."
"Capai 118,1, Indeks Keyakinan Konsumen Juli 2025 dalam Level Optimis",https://pasardana.id/news/2025/8/8/capai-118-1-indeks-keyakinan-konsumen-juli-2025-dalam-level-optimis/,2025-08-08 03:51:44,"Pasardana.id - Survei Konsumen Bank Indonesia pada Juli 2025 mengindikasikan keyakinan konsumen terhadap kondisi ekonomi meningkat dibandingkan dengan bulan sebelumnya. Hal ini tecermin dari Indeks Keyakinan Konsumen (IKK) Juli 2025 yang berada pada level optimis (indeks >100) sebesar 118,1. Menurut keterangan Bank Indonesia, Jumat (8/8/2025), angka itu lebih tinggi dibandingkan dengan indeks bulan sebelumnya sebesar 117,8. Bank Indonesia menjelaskan, meningkatnya keyakinan konsumen pada Juli 2025 terutama ditopang oleh peningkatan Indeks Ekspektasi Konsumen (IEK). Di sini, IEK Juli 2025 tercatat sebesar 129,6, lebih tinggi dibandingkan dengan indeks bulan sebelumnya sebesar 128,9. Sementara itu, Indeks Kondisi Ekonomi Saat Ini (IKE) Juli 2025 tercatat sebesar 106,6, relatif stabil dibandingkan dengan indeks bulan sebelumnya sebesar 106,7."
Multisarana Intan Eduka Tbk Informasikan Perolehan Kontrak Penting Sehubungan Penyewaan Lahan,https://pasardana.id/news/2025/8/8/multisarana-intan-eduka-tbk-informasikan-perolehan-kontrak-penting-sehubungan-penyewaan-lahan/,2025-08-08 03:45:52,"Pasardana.id - PT Multisarana Intan Eduka Tbk (IDX: MSIE) (Perseroan) menyampaikan Laporan Informasi atau Fakta Material sehubungan Penandatanganan Akta No. 43 tertanggal 18 Juli 2025 antara Perseroan dan Yayasan Intan Eduka (YIE) yang diwakili oleh Pengurus Yayasan saat ini (yaitu Stepanus Budiyono dan Selvy Herniati Permatasari, yang secara bersama-sama disebut sebagai “Pengurus”) sehubungan dengan sewa menyewa lahan untuk kepentingan bangun guna serah (Perjanjian). “Perjanjian ini dikategorikan sebagai Kontrak Penting antara Perseroan dan YIE,” sebut Catharina Siena Nesti DU Sunaryo selaku Corporate Secretary MSIE dalam keterbukaan informasi BEI, Kamis (07/8). Dalam perjanjian tersebut, Perseroan menyewakan lahan dengan luas 3.250m2 (tiga ribu dua ratus lima puluh meter persegi) yang berlokasi di Desa Dalung, Kecamatan Kuta Utara, Kabupaten Badung, Provinsi Bali (Lahan), serta memberikan hak kepada YIE, sebagai penyewa untuk melakukan pembangunan gedung di atas Lahan sebagai sarana kegiatan pendidikan. YIE akan melakukan pengelolaan terhadap Lahan dan bangunan gedung di atasnya selama jangka waktu perjanjian, yaitu 20 (dua puluh) tahun. Adapun nilai kompensasi sewa lahan adalah sebesar Rp86.965.140.000,00 (delapan puluh enam miliar sembilan ratus enam puluh lima juta seratus empat puluh ribu Rupiah). “Transaksi ini memberikan dampak positif terhadap kelangsungan usaha Perseroan serta meningkatkan kinerja keuangan dan operasional Perseroan,” tandas Catharina Siena."
"Pakai Strategi Deleveraging, Intiland Kurangi Utang hingga Perbaiki DER",https://pasardana.id/news/2025/8/8/pakai-strategi-deleveraging-intiland-kurangi-utang-hingga-perbaiki-der/,2025-08-08 03:33:48,"Pasardana.id - PT Intiland Development Tbk (IDX: DILD) tengah berupaya memperkuat keuangan serta menciptakan ruang tumbuh yang lebih sehat dan berkelanjutan. Salah satu caranya adalah dengan menerapkan strategi deleveraging. Menurut Direktur Utama Intiland, Archied Noto Pradono, strategi itu telah berlangsung dalam tiga tahun terakhir. Beberapa yang sudah dilakukan antara lain, pelunasan, pengurangan dan atau refinancing beban utang dan bunga serta penjualan aset non-core sehingga lebih efisien. Hingga 30 Juni 2025 atau pada semester-I 2025, total utang Perseroan tercatat sebesar Rp4,38 triliun. Jumlah tersebut menurun sebesar Rp687 miliar, atau sebesar 14% dibandingkan posisi per 31 Desember 2022 yang tercatat mencapai Rp5,06 triliun. “Turunnya jumlah utang ini mencerminkan keberhasilan upaya kami dalam mengelola kewajiban keuangan secara berkelanjutan dan memperbaiki struktur finansial perusahaan,” kata Archied, dalam keterangan tertulis, Jumat (8/8/2025). Seiring dengan penurunan jumlah utang, beban bunga juga turun signifikan, yakni mencapai sekitar 16,7% dalam tiga tahun terakhir. Pada tahun 2022 beban bunga pinjaman Perseroan mencapai Rp518,1 miliar dan tahun 2023 turun menjadi Rp489,9 miliar. Penurunan tersebut berlanjut pada tahun 2024 dengan jumlah beban bunga sebesar Rp431,8 miliar. Pada 30 Juni 2025, beban bunga Perseroan tercatat sebesar Rp176,3 miliar. Selain itu, penurunan jumlah utang juga mendorong posisi rasio-rasio keuangan Perseroan semakin membaik. Rasio utang terhadap ekuitas (Debt to Equity Ratio/DER) terus membaik menunjukkan struktur finansial yang semakin sehat. Jika pada 2022 rasio utang terhadap ekuitas Perseroan masih mencapai 61,1%, maka berangsur-angsur turun menjadi 58,5% pada tahun 2023, dan menjadi 50,3% pada tahun 2024. Per semester-I 2025, rasio utang terhadap ekuitas Perseroan kembali menurun menjadi 47%. “Struktur keuangan yang lebih sehat akan meningkatkan nilai tambah Perusahaan dan meningkatkan daya saing dalam industri properti nasional,” kata Archied. Selain penurunan nilai utang, Perseroan juga berhasil meningkatkan kinerja profitabilitas. Pencapaian ini tercermin dari peningkatan margin laba di semester I tahun 2025 dibandingkan periode yang sama tahun 2024. Adapun margin laba sebelum bunga, pajak, depresiasi dan amortisasi (Earning before interest, taxes, depreciation, and amortization/EBITDA) juga membaik dari 22% menjadi 28%. “Kami akan selalu menjaga kepercayaan investor dan memastikan struktur keuangan perusahaan tetap solid dan adaptif terhadap perubahan pasar,” ujar Archied."
OJK Tingkatkan Literasi Keuangan Digital Bagi Pelaku UMKM di Kabupaten Tegal,https://pasardana.id/news/2025/8/8/ojk-tingkatkan-literasi-keuangan-digital-bagi-pelaku-umkm-di-kabupaten-tegal/,2025-08-08 03:20:45,"Pasardana.id - Otoritas Jasa Keuangan (OJK) terus meningkatkan literasi dan inklusi keuangan, khususnya bagi pelaku UMKM di daerah, melalui kegiatan Digital Financial Literacy yang dilaksanakan di Lasnur Convention Hall Tegal, Kamis (07/8). Kegiatan ini merupakan bagian dari program Gerakan Nasional Cerdas Keuangan (GENCARKAN) yang merupakan inisiatif OJK untuk terus memperkuat kolaborasi dengan seluruh stakeholders dalam rangka peningkatan literasi dan inklusi keuangan masyarakat khususnya pelaku UMKM. Hal ini sejalan dengan komitmen OJK untuk melaksanakan program edukasi keuangan secara masif dan merata ke seluruh segmen dan wilayah di Indonesia. Di kesempatan tersebut, Kepala Eksekutif Pengawas Perilaku Pelaku Usaha Jasa Keuangan, Edukasi dan Pelindungan Konsumen OJK, Friderica Widyasari Dewi menekankan pentingnya peningkatan pemahaman masyarakat terhadap literasi keuangan digital sebagai langkah awal perlindungan diri dari berbagai risiko kejahatan keuangan. Ia menegaskan, bahwa di tengah pesatnya perkembangan teknologi dan maraknya penipuan digital, peran aktif masyarakat dalam membekali diri dengan pengetahuan menjadi semakin krusial. “OJK terus melakukan berbagai upaya perlindungan konsumen, namun yang paling utama adalah perlindungan dari diri sendiri. Masyarakat perlu aktif belajar agar mampu membedakan mana layanan keuangan yang sah dan mana yang menipu, terlebih di era digital saat ini,” ujar Friderica dalam keterangan tertulis, Jumat (08/8). Program GENCARKAN merupakan inisiatif strategis OJK untuk membuka akses keuangan yang lebih luas, inklusif, dan berkelanjutan bagi masyarakat, khususnya pelaku UMKM yang menjadi tulang punggung perekonomian nasional. GENCARKAN juga menyasar peningkatan literasi keuangan melalui pelatihan, pendampingan, dan sosialisasi secara langsung maupun digital. Pelaku UMKM diajak untuk beradaptasi dengan teknologi, seperti penggunaan e-wallet, pencatatan keuangan digital, hingga pemasaran melalui platform e-commerce. Sebagaimana tertuang dalam Strategi Nasional Literasi Keuangan Indonesia 2021 - 2025, Pelaku Usaha Mikro, Kecil, dan Menengah (UMKM) ditetapkan sebagai salah satu target sasaran prioritas, seiring dengan peran krusialnya dalam mendukung ketahanan ekonomi nasional. Sektor UMKM memiliki peran yang sangat penting dan strategis dalam menopang pertumbuhan perekonomian Indonesia. Pelaku usaha UMKM mencapai sekitar 66 juta dengan Kontribusi UMKM mencapai 61 persen dari Pendapatan Domestik Bruto (PDB) Indonesia serta mampu menyerap hampir 97 persen dari total tenaga kerja di Indonesia. Kontribusi UMKM pada ekspor nasional saat ini mencapai sekitar 15,7 persen dari total ekspor nasional. Sepanjang tahun 2025, program GENCARKAN telah menyasar ke segmen pelaku UMKM sebanyak 1.167 kegiatan yang menjangkau 70.510 peserta yang tersebar di 180 kabupaten kota. Di kesempatan yang sama, Bupati Tegal yang diwakili oleh Asisten II Ekonomi Pembangunan Sekda Kabupaten Tegal, Joko Kurnianto mengapresiasi upaya OJK untuk senantiasa memfasilitasi terselenggaranya kegiatan edukasi keuangan bagi Pelaku UMKM di Kabupaten Tegal, khususnya memperkenalkan materi yang tergolong masih baru yaitu terkait literasi keuangan digital. “Saya menyampaikan apresiasi yang setinggi-tingginya atas terselenggaranya kegiatan strategis ini. Terima kasih dan penghargaan mendalam kepada OJK, seluruh Lembaga Jasa Keuangan serta semua pihak yang bersinergi luar biasa dalam melaksanakan program GENCARKAN,” kata Joko. Sementara itu, anggota Komisi XI DPR RI, Harris Turino Kurniawan yang turut hadir mengimbau agar masyarakat Kabupaten Tegal khususnya para pelaku UMKM untuk bersama menjaga ekosistem keuangan digital ini agar tetap sehat dan memberi manfaat bagi semua pihak, terutama bagi pelaku UMKM yang menjadi tulang punggung ekonomi nasional. “Saya berharap inisiatif peningkatan literasi keuangan digital melalui program GENCARKAN dapat mendorong pelaku UMKM agar lebih adaptif, inovatif dan mampu memanfaatkan layanan keuangan digital secara bijak demi mendukung pertumbuhan ekonomi daerah yang inklusif dan berkelajutan,” kata Harris. Kegiatan edukasi turut dihadiri oleh Kepala Departemen Literasi, Inklusi Keuangan dan Komunikasi OJK M. Ismail Riyadi, Kepala OJK Tegal Noviyanto Utomo, Direktur Operations Bank Tabungan Negara I Nyoman Sugiri Yasa serta menghadirkan narasumber dari OJK maupun perencana keuangan. Kegiatan dilaksanakan secara tatap muka dengan peserta lebih dari 400 orang yang merupakan Pelaku UMKM, mahasiswa dan Ibu Rumah Tangga. Selanjutnya, sebagai upaya untuk mengenalkan infrastruktur literasi dan inklusi keuangan bagi masyarakat di wilayah Kabupaten Tegal, OJK turut menghadirkan Booth Learning Management System Edukasi Keuangan (lmsku.ojk.go.id) dan booth PUJK untuk memfasilitasi peserta edukasi agar mengenal lebih dalam mengenai produk keuangan."
"Ekspansi Bisnis, Anak Usaha WIFI Beli Saham PT Investasi Jaringan Nusantara",https://pasardana.id/news/2025/8/8/ekspansi-bisnis-anak-usaha-wifi-beli-saham-pt-investasi-jaringan-nusantara/,2025-08-08 03:06:40,"Pasardana.id - PT Solusi Sinergi Digital Tbk (IDX: WIFI) melalui anak usahanya, PT Jaringan Infra Andalan (JIA) melakukan pembelian saham PT Investasi Jaringan Nusantara (IJN). “Berdasarkan Perjanjian Jual Beli Saham tanggal 04 Agustus 2025 dan 05 Agustus, pemegang saham IJN mengalihkan sahamnya kepada JIA. Nilai investasi yang dilakukan pada transaksi tersebut seluruhnya sebesar Rp599.999.000,-,” sebut Shannedy Ong selaku Direktur WIFI dalam keterbukaan informasi BEI, Kamis (07/8). Selanjutnya disampaikan, adanya transaksi tersebut dapat menunjang perluasan dan ekspansi Grup Perseroan kedepan. “Transaksi ini bukan merupakan Transaksi Material sebagaimana Peraturan OJK No.17/POJK.04/2020 tanggal 20 April 2020 tentang Transaksi Material dan Perubahan Kegiatan Usaha dan bukan merupakan Transaksi Afiliasi sebagaimana dalam Peraturan OJK No.42/POJK.04/2020 tanggal 1 Juli 2020 tentang Transaksi Afiliasi dan Transaksi Benturan Kepentingan Transaksi,” sebut Shannedy Ong."
ANALIS MARKET (08/8/2025): IHSG Diperkirakan Cenderung Bergerak Mixed,https://pasardana.id/news/2025/8/8/analis-market-0882025-ihsg-diperkirakan-cenderung-bergerak-mixed/,2025-08-08 02:18:40,"Pasardana.id – Riset harian FAC Sekuritas menyebutkan, pada perdagangan kemarin (07/08), IHSG ditutup melemah -13,56 poin (-0,18%) ke level 7.490,18. Pelemahan IHSG disebabkan tertekannya saham-saham berkapitalisasi besar, seperti DCII (-10%), BRPT (-4,42%), TLKM (-1,34%), GOTO (-3,08%), & CDIA (-7,94%). Di saat yang sama, investor cenderung wait & see menunggu rilis daftar MSCI terbaru. Dari eksternal, tren ketegangan perang dagang mengalami peningkatan setelah Trump mengumumkan tarif 100% untuk impor semikonduktor, kecuali perusahaan yang memproduksi di AS, dan menggandakan tarif atas barang-barang India menjadi 50% sebagai respons atas pembelian minyak Rusia yang terus berlanjut. Sementara itu, Wall Street tadi malam ditutup variatif, seperti DJIA (- 0,51%), S&P 500 (-0,08%), & Nasdaq (+0,35%). Presiden Trump mengumumkan tarif 100% pada impor semikonduktor, meskipun perusahaan yang memproduksi sebagian barangnya secara domestik atau memberi sinyal investasi di masa depan dapat dikecualikan dari tarif tersebut. Nvidia dan Broadcom naik +1%, sedangkan AMD melonjak +6% untuk sepenuhnya menghapus kerugian yang didorong oleh laba pada sesi sebelumnya. Selain itu, Apple memperpanjang momentum kuatnya selama minggu ini dengan lonjakan +3% setelah memberi sinyal akan menginvestasikan $100?miliar dalam manufaktur di AS. Di sisi lain, Eli?Lilly turun -15?% setelah perusahaan merilis hasil studi yang mengecewakan untuk pil penurunan berat badan. “Menyikapi beragam kondisi tersebut diatas, pada perdagangan hari ini, IHSG diperkirakan cenderung bergerak mixed sembari terus memantau rilis kinerja emiten Q2-2025. Investor hari ini akan mencermati rilis data Laporan Survei Konsumen Indonesia (Juli-25),” sebut analis FAC Sekuritas dalam riset Jumat (08/8)."
